behavior,model,r2,r2_adj,aic,bic,n_params,sig_predictors
risk_mean_cards,M0_null,0.0,0.0,1615.220967677478,1618.7384205739427,1,
risk_mean_cards,M1_bfi,0.14617998580940095,0.12861167276021168,1585.8702866353817,1606.97500401417,6,5.0
risk_mean_cards,M2_liwc,0.2181522622883234,0.1343828618192151,1601.9432463927706,1689.8795688043883,25,2.0
risk_mean_cards,M3_combined,0.34223188502485113,0.2551301711696945,1568.9141658411554,1674.4377527350966,30,7.0
sycophancy_rate,M0_null,3.3306690738754696e-16,3.3306690738754696e-16,-259.1832313198061,-255.6657784233414,1,
sycophancy_rate,M1_bfi,0.0287930025057751,0.008809319429762263,-256.45792909227316,-235.3532117134849,6,1.0
sycophancy_rate,M2_liwc,0.1997408776366597,0.11399882881201606,-266.66533682031877,-178.7290144087011,25,3.0
sycophancy_rate,M3_combined,0.21894848368389197,0.11552157056440737,-262.7146594818287,-157.19107258788745,30,2.0
