Behavior,Triplet,Path_a,Path_a_p,Path_b,Path_b_p,Indirect_effect,Bootstrap_CI_lower,Bootstrap_CI_upper,Significant,Mediation_type,Proportion_mediated
Risk Mean Cards,extraversion→Social→risk_mean_cards,0.3699726059655648,1.7037630201058261e-09,0.2224799723791046,0.0008173287084993987,0.08231149515624421,0.03311437380411195,0.13860806382276067,True,Full mediation,0.40099408724535457
Risk Mean Cards,conscientiousness→Analytic→risk_mean_cards,-0.08767458272826358,0.16784002508013193,-0.11607099912699559,0.06729816915493565,0.010176476415311985,-0.00602543738048028,0.03361776626715798,False,No mediation,0.08957555443622402
Risk Mean Cards,neuroticism→emo_neg→risk_mean_cards,0.5690148530002259,9.172636161547946e-23,0.18152735452678032,0.016189015340149417,0.1032917609515758,0.022127409677727566,0.19168517832774917,True,Partial mediation,-0.49971953839930977
Risk Mean Cards,openness→tone_pos→risk_mean_cards,-0.15081812399269967,0.01724073532698522,0.2563014168636888,4.01771130160294e-05,-0.03865489886805242,-0.07911563537131251,-0.007148069707570899,True,Partial mediation,-0.21304278420492445
Sycophancy Rate,agreeableness→Social→sycophancy_rate,0.45872716884904063,2.3173055187572796e-14,-0.04183083592590488,0.5584745917867489,-0.019188940934879082,-0.08398695946555845,0.04566535655072855,False,No mediation,0.20737585852721502
Sycophancy Rate,openness→tentat→sycophancy_rate,0.19631400106767383,0.0018548572277212539,0.2104560258521562,0.0009988112968325046,0.04131546448383858,0.008804738897957956,0.08612352088454577,True,Full mediation,0.3597719781840996
Sycophancy Rate,neuroticism→emo_neg→sycophancy_rate,0.5690148530002259,9.172636161547946e-23,0.12739441800271,0.09972621690309573,0.07248931603286136,-0.026161751740707485,0.17236147294149953,False,No mediation,-4.40184705514593
Sycophancy Rate,conscientiousness→we→sycophancy_rate,-0.06862021400351223,0.2807516998598838,-0.06820071602527954,0.28582348207167585,0.004679947728847448,-0.005034859417495311,0.019743067360577484,False,No mediation,-1.0736220759292667
